InsuranceProgramID,ID,policy_no,Carrier,Incept,term,attach,perocclim,bquotashr,quotashrlim,code,excl_alloc,Consume,TotCost
1,331,CE 343 7270 (SP 2015),American Home Assurance Company,09-Oct-75,09-Oct-76,"$25,250,000.00","$1,500,000.00",1,"$25,000,000.00",3,0,0,0
1,332,4174-6144 (SP 2015),Insurance Company of the State of Pennsylvania,09-Oct-75,09-Oct-76,"$25,250,000.00","$1,000,000.00",1,"$25,000,000.00",3,0,0,0
1,333,4CM 0037 (SP 2015),Admiral Insurance Company,09-Oct-75,09-Oct-76,"$25,250,000.00","$1,000,000.00",1,"$25,000,000.00",3,0,0,0
1,334,43648 (SP 2015),Turegum Insurance Company,09-Oct-75,09-Oct-76,"$25,250,000.00","$125,000.00",1,"$25,000,000.00",3,0,0,0
1,337,XSI 2090 (SP 2015),International Surplus Lines Insurance Company,09-Oct-75,09-Oct-76,"$25,250,000.00","$13,330,000.00",1,"$25,000,000.00",2,0,0,0
1,338,CE 550 4709 (SP 2015),Lexington Insurance Company,09-Oct-75,09-Oct-76,"$25,250,000.00","$4,632,500.00",1,"$25,000,000.00",3,0,0,0
1,342,SP 2015,Chubb Custom Market Incorporated,09-Oct-75,09-Oct-76,"$25,250,000.00","$1,000,000.00",1,"$25,000,000.00",3,0,0,0
1,344,Unknown,Kansas City Southern Railroad Company,09-Oct-75,09-Oct-76,"$25,250,000.00","$940,000.00",1,"$25,000,000.00",3,0,0,0
1,353,SP 2015,Midland Insurance Company,09-Oct-75,09-Oct-76,"$25,250,000.00","$1,472,500.00",1,"$25,000,000.00",3,0,0,0
1,400,614/NC1862 (76),London Market,18-Feb-76,18-Feb-77,"$8,250,000.00","$2,980,000.00",1,"$7,000,000.00",1,0,0,0
1,415,RR-1050,International Surplus Lines Insurance Company,18-Feb-76,18-Feb-77,"$8,250,000.00","$2,069,970.00",1,"$7,000,000.00",2,0,0,0
1,416,4176-6790,Insurance Company of the State of Pennsylvania,18-Feb-76,18-Feb-77,"$8,250,000.00","$1,599,990.00",1,"$7,000,000.00",3,0,0,0
1,417,ZCV 00 36 22,California Union Insurance Company,18-Feb-76,18-Feb-77,"$8,250,000.00","$350,000.00",1,"$7,000,000.00",3,0,0,0
1,380,IF 942607,International Insurance Company,15-Apr-76,15-Apr-77,"$1,000,000.00","$1,800,000.00",1,"$2,250,000.00",2,0,0,0
1,381,614/NC1860,London Market,15-Apr-76,15-Apr-77,"$1,000,000.00","$450,000.00",1,"$2,250,000.00",1,0,0,0
1,392,XSI 2038,International Surplus Lines Insurance Company,15-Apr-76,15-Apr-77,"$3,250,000.00","$4,310,000.00",1,"$5,000,000.00",2,0,0,0
1,393,614/NC1861,London Market,15-Apr-76,15-Apr-77,"$3,250,000.00","$690,000.00",1,"$5,000,000.00",1,0,0,0
1,441,XSI 2039,International Surplus Lines Insurance Company,23-Jul-76,15-Apr-77,"$15,250,000.00","$9,000,000.00",1,"$10,000,000.00",2,0,0,0
1,442,Unknown,Kansas City Southern Railroad Company,23-Jul-76,15-Apr-77,"$15,250,000.00","$1,000,000.00",1,"$10,000,000.00",3,0,0,0
1,333,4CM 0037 (SP 2015),Admiral Insurance Company,09-Oct-76,09-Oct-77,"$25,250,000.00","$1,000,000.00",1,"$25,000,000.00",3,0,0,0
1,334,43648 (SP 2015),Turegum Insurance Company,09-Oct-76,09-Oct-77,"$25,250,000.00","$125,000.00",1,"$25,000,000.00",3,0,0,0
1,342,SP 2015,Chubb Custom Market Incorporated,09-Oct-76,09-Oct-77,"$25,250,000.00","$1,000,000.00",1,"$25,000,000.00",3,0,0,0
1,445,XSI 2090 (SP 2015),International Surplus Lines Insurance Company,09-Oct-76,09-Oct-77,"$25,250,000.00","$12,450,000.00",1,"$25,000,000.00",2,0,0,0
1,447,CE 550 4709 (SP 2015),Lexington Insurance Company,09-Oct-76,09-Oct-77,"$25,250,000.00","$4,425,000.00",1,"$25,000,000.00",3,0,0,0
1,448,4174-6144 (SP 2015),Insurance Company of the State of Pennsylvania,09-Oct-76,09-Oct-77,"$25,250,000.00","$2,250,000.00",1,"$25,000,000.00",3,0,0,0
1,451,SP 2015,Midland Insurance Company,09-Oct-76,09-Oct-77,"$25,250,000.00","$2,000,000.00",1,"$25,000,000.00",3,0,0,0
1,452,SP 2015,Drake Insurance Company Ltd.,09-Oct-76,09-Oct-77,"$25,250,000.00","$500,000.00",1,"$25,000,000.00",3,0,0,0
1,454,Unknown,Kansas City Southern Railroad Company,09-Oct-76,09-Oct-77,"$25,250,000.00","$1,250,000.00",1,"$25,000,000.00",3,0,0,0
1,436,RR-1050,International Surplus Lines Insurance Company,18-Feb-77,15-Apr-77,"$8,250,000.00","$1,120,000.00",1,"$7,000,000.00",2,0,0,0
1,437,4176-6790,Insurance Company of the State of Pennsylvania,18-Feb-77,15-Apr-77,"$8,250,000.00","$2,100,000.00",1,"$7,000,000.00",3,0,0,0
1,438,ZCV 00 36 22,California Union Insurance Company,18-Feb-77,15-Apr-77,"$8,250,000.00","$500,010.00",1,"$7,000,000.00",3,0,0,0
1,951,614/NC1862 (77),London Market,18-Feb-77,15-Apr-77,"$8,250,000.00","$2,998,940.00",1,"$7,000,000.00",1,0,0,0
1,953,614/NC1868,London Market,18-Feb-77,15-Apr-77,"$8,250,000.00","$299,950.00",1,"$7,000,000.00",1,0,0,0
1,457,IF 480719,International Insurance Company,15-Apr-77,15-Apr-78,"$1,500,000.00","$1,500,000.00",0,$0.00,2,0,0,0
1,460,XS 4018,International Insurance Company,15-Apr-77,15-Apr-78,"$3,000,000.00","$2,499,990.00",1,"$3,000,000.00",2,0,0,0
1,461,ZCV 00 36 53,California Union Insurance Company,15-Apr-77,15-Apr-78,"$3,000,000.00","$500,010.00",1,"$3,000,000.00",3,0,0,0
1,464,XS 4019,International Insurance Company,15-Apr-77,15-Apr-78,"$6,000,000.00","$4,000,000.00",0,$0.00,2,0,0,0
1,467,614/NC3493,London Market,15-Apr-77,15-Apr-78,"$10,000,000.00","$10,999,520.00",1,"$15,250,000.00",1,0,0,0
1,486,4177-7757 (SP 2065),Insurance Company of the State of Pennsylvania,15-Apr-77,15-Apr-78,"$10,000,000.00","$2,499,932.50",1,"$15,250,000.00",3,0,0,0
1,487,XL 01-0068 (SP 2065),Seguros La Republica,15-Apr-77,15-Apr-78,"$10,000,000.00","$999,942.50",1,"$15,250,000.00",3,0,0,0
1,488,XS 4020 (SP 2065),International Insurance Company,15-Apr-77,15-Apr-78,"$10,000,000.00","$749,995.00",1,"$15,250,000.00",2,0,0,0
1,491,RR 1187 (SP 2060),International Insurance Company,09-Oct-77,09-Oct-78,"$25,250,000.00","$12,000,000.00",1,"$15,000,000.00",2,0,0,0
1,492,4177-8361 (SP 2060),Insurance Company of the State of Pennsylvania,09-Oct-77,09-Oct-78,"$25,250,000.00","$1,999,950.00",1,"$15,000,000.00",3,0,0,0
1,493,7933-06-86 (SP 2060),Federal Insurance Company,09-Oct-77,09-Oct-78,"$25,250,000.00","$1,000,050.00",1,"$15,000,000.00",3,0,0,0
1,496,IF 480733,International Insurance Company,15-Apr-78,15-Apr-79,"$1,500,000.00","$1,500,000.00",0,$0.00,2,0,0,0
1,500,520-021294-2,International Insurance Company,15-Apr-78,15-Apr-79,"$3,000,000.00","$3,000,000.00",0,$0.00,2,0,0,0
1,503,520-021295-1,International Insurance Company,15-Apr-78,15-Apr-79,"$6,000,000.00","$4,000,000.00",0,$0.00,2,0,0,0
1,506,NC5193,London Market,15-Apr-78,15-Apr-79,"$10,000,000.00","$11,013,626.25",1,"$15,250,000.00",1,0,0,0
1,524,5510348,Lexington Insurance Company,15-Apr-78,15-Apr-79,"$10,000,000.00","$305,000.00",1,"$15,250,000.00",3,0,0,0
1,525,6678-0238,Granite State Insurance Company,15-Apr-78,15-Apr-79,"$10,000,000.00","$2,250,000.00",1,"$15,250,000.00",3,0,0,0
1,526,ZCX 00 31 69,California Union Insurance Company,15-Apr-78,15-Apr-79,"$10,000,000.00","$992,775.00",1,"$15,250,000.00",3,0,0,0
1,527,XS 520-021296-9,International Insurance Company,15-Apr-78,15-Apr-79,"$10,000,000.00","$748,775.00",1,"$15,250,000.00",2,0,0,0
1,493,7933-06-86 (SP 2060),Federal Insurance Company,09-Oct-78,09-Oct-79,"$25,250,000.00","$1,000,050.00",1,"$15,000,000.00",3,0,0,0
1,530,RR 2091,International Insurance Company,09-Oct-78,09-Oct-79,"$25,250,000.00","$10,999,950.00",1,"$15,000,000.00",2,0,0,0
1,531,6678-0775,Granite State Insurance Company,09-Oct-78,09-Oct-79,"$25,250,000.00","$1,999,950.00",1,"$15,000,000.00",3,0,0,0
1,533,UF 11 00 038,Union Indemnity Insurance Company of New York,09-Oct-78,09-Oct-79,"$25,250,000.00","$1,000,050.00",1,"$15,000,000.00",3,0,0,0
1,536,520-02113392,International Insurance Company,10-Nov-78,10-Nov-79,"$40,250,000.00","$17,250,000.00",1,"$25,000,000.00",2,0,0,0
1,537,ZCV 00 47 46,California Union Insurance Company,10-Nov-78,10-Nov-79,"$40,250,000.00","$1,250,000.00",1,"$25,000,000.00",3,0,0,0
1,538,FE 4000102,Landmark Insurance Company,10-Nov-78,10-Nov-79,"$40,250,000.00","$2,000,000.00",1,"$25,000,000.00",3,0,0,0
1,539,MM 070511,Employers Mutual Casualty Company,10-Nov-78,10-Nov-79,"$40,250,000.00","$2,000,000.00",1,"$25,000,000.00",3,0,0,0
1,540,EX-10027,Evanston Insurance Company,10-Nov-78,10-Nov-79,"$40,250,000.00","$2,500,000.00",1,"$25,000,000.00",3,0,0,0
1,543,IF 480748,International Insurance Company,15-Apr-79,15-Apr-80,"$1,500,000.00","$1,500,000.00",0,$0.00,2,0,0,0
1,546,520-021414-8,International Insurance Company,15-Apr-79,15-Apr-80,"$3,000,000.00","$3,000,000.00",0,$0.00,2,0,0,0
1,549,520-021413-9,International Insurance Company,15-Apr-79,15-Apr-80,"$6,000,000.00","$4,000,000.00",0,$0.00,2,0,0,0
1,552,614/NC7303,London Market,15-Apr-79,15-Apr-80,"$10,000,000.00","$9,912,500.00",1,"$15,250,000.00",1,0,0,0
1,583,6679-1216,Granite State Insurance Company,15-Apr-79,15-Apr-80,"$10,000,000.00","$2,249,985.00",1,"$15,250,000.00",3,0,0,0
1,584,520-021415-7,International Insurance Company,15-Apr-79,15-Apr-80,"$10,000,000.00","$1,324,920.00",1,"$15,250,000.00",2,0,0,0
1,585,ZCV 00 49 53,California Union Insurance Company,15-Apr-79,15-Apr-80,"$10,000,000.00","$999,942.50",1,"$15,250,000.00",3,0,0,0
1,586,5513900 FR,Lexington Insurance Company,15-Apr-79,15-Apr-80,"$10,000,000.00","$762,500.00",1,"$15,250,000.00",3,0,0,0
1,493,7933-06-86 (SP 2060),Federal Insurance Company,09-Oct-79,09-Oct-80,"$25,250,000.00","$1,000,050.00",1,"$15,000,000.00",3,0,0,0
1,589,RR 2189,International Insurance Company,09-Oct-79,09-Oct-80,"$25,250,000.00","$10,999,950.00",1,"$15,000,000.00",2,0,0,0
1,590,6679-1747,Granite State Insurance Company,09-Oct-79,09-Oct-80,"$25,250,000.00","$1,999,950.00",1,"$15,000,000.00",3,0,0,0
1,593,63 006 122,Northbrook Excess & Surplus Insurance Company,09-Oct-79,09-Oct-80,"$25,250,000.00","$1,000,050.00",1,"$15,000,000.00",3,0,0,0
1,597,S 200214742,International Insurance Company,10-Nov-79,09-Oct-80,"$40,250,000.00","$17,700,000.00",1,"$30,000,000.00",2,0,0,0
1,598,5540134FR,Lexington Insurance Company,10-Nov-79,09-Oct-80,"$40,250,000.00","$4,800,000.00",1,"$30,000,000.00",3,0,0,0
1,599,MMO 71121,Employers Mutual Casualty Company,10-Nov-79,09-Oct-80,"$40,250,000.00","$2,000,100.00",1,"$30,000,000.00",3,0,0,0
1,600,FE 4000301,Landmark Insurance Company,10-Nov-79,09-Oct-80,"$40,250,000.00","$2,000,100.00",1,"$30,000,000.00",3,0,0,0
1,601,63 006 180,Northbrook Excess & Surplus Insurance Company,10-Nov-79,09-Oct-80,"$40,250,000.00","$1,500,000.00",1,"$30,000,000.00",3,0,0,0
1,602,ZCV 00 50 11,California Union Insurance Company,10-Nov-79,09-Oct-80,"$40,250,000.00","$1,250,100.00",1,"$30,000,000.00",3,0,0,0
1,974,K44325,London Market,15-Jun-57,15-Jun-58,$0.10,"$25,000.00",0,$0.00,1,0,0,0
1,975,K44326,London Market,15-Jun-57,15-Jun-58,"$25,000.00","$25,000.00",0,$0.00,1,0,0,0
1,973,K44324,London Market,15-Jun-57,15-Jun-58,"$50,000.00","$200,000.00",0,$0.00,1,0,0,0
1,976,K44327,London Market,15-Jun-57,15-Jun-58,"$250,000.00","$750,000.00",0,$0.00,1,0,0,0
1,977,K50146,London Market,15-Jun-58,15-Jun-59,$0.10,"$25,000.00",0,$0.00,1,0,0,0
1,978,K50147,London Market,15-Jun-58,15-Jun-59,"$25,000.00","$475,000.00",0,$0.00,1,0,0,0
1,11,76668,London Market,02-Mar-60,02-Mar-61,"$50,000.00","$250,000.00",0,$0.00,1,0,0,0
1,954,R30235,London Market,02-Mar-60,02-Mar-61,"$300,000.00","$250,000.00",0,$0.00,1,0,0,0
1,955,R31475,London Market,07-Oct-60,02-Mar-61,"$550,000.00","$450,000.00",0,$0.00,1,0,0,0
1,11,76668,London Market,02-Mar-61,02-Mar-62,"$50,000.00","$250,000.00",0,$0.00,1,0,0,0
1,954,R30235,London Market,02-Mar-61,02-Mar-62,"$300,000.00","$250,000.00",0,$0.00,1,0,0,0
1,955,R31475,London Market,02-Mar-61,02-Mar-62,"$550,000.00","$450,000.00",0,$0.00,1,0,0,0
1,11,76668,London Market,02-Mar-62,02-Mar-63,"$50,000.00","$250,000.00",0,$0.00,1,0,0,0
1,956,R40229,London Market,02-Mar-62,02-Mar-63,"$300,000.00","$250,000.00",0,$0.00,1,0,0,0
1,957,R40228,London Market,02-Mar-62,02-Mar-63,"$550,000.00","$450,000.00",0,$0.00,1,0,0,0
1,20,82963,London Market,02-Mar-62,02-Mar-63,"$1,000,000.00","$1,000,000.00",0,$0.00,1,0,0,0
1,37,82964,London Market,02-Mar-62,02-Mar-63,"$2,000,000.00","$1,000,000.00",0,$0.00,1,0,0,0
1,961,GAP,Kansas City Southern Railroad Company,02-Mar-63,02-Mar-64,"$50,000.00","$250,000.00",0,$0.00,3,0,0,0
1,956,R40229,London Market,02-Mar-63,01-Mar-64,"$300,000.00","$250,000.00",0,$0.00,1,0,0,0
1,45,CN 6565/R45192,London Market,02-Mar-63,02-Mar-64,"$550,000.00","$450,000.00",0,$0.00,1,0,0,0
1,20,82963,London Market,02-Mar-63,02-Mar-64,"$1,000,000.00","$1,000,000.00",0,$0.00,1,0,0,0
1,37,82964,London Market,02-Mar-63,02-Mar-64,"$2,000,000.00","$1,000,000.00",0,$0.00,1,0,0,0
1,961,GAP,Kansas City Southern Railroad Company,02-Mar-64,02-Mar-65,"$50,000.00","$250,000.00",0,$0.00,3,0,0,0
1,956,R40229,London Market,02-Mar-64,02-Mar-65,"$300,000.00","$250,000.00",0,$0.00,1,0,0,0
1,45,CN 6565/R45192,London Market,02-Mar-64,02-Mar-65,"$550,000.00","$450,000.00",0,$0.00,1,0,0,0
1,20,82963,London Market,02-Mar-64,02-Mar-65,"$1,000,000.00","$1,000,000.00",0,$0.00,1,0,0,0
1,37,82964,London Market,02-Mar-64,02-Mar-65,"$2,000,000.00","$1,000,000.00",0,$0.00,1,0,0,0
1,972,85831,London Market,02-Mar-65,02-Mar-66,"$50,000.00","$250,000.00",0,$0.00,1,0,0,0
1,959,R45191,London Market,02-Mar-65,02-Mar-66,"$300,000.00","$250,000.00",0,$0.00,1,0,0,0
1,45,CN 6565/R45192,London Market,02-Mar-65,02-Mar-66,"$550,000.00","$450,000.00",0,$0.00,1,0,0,0
1,103,92434,London Market,02-Mar-65,02-Mar-66,"$1,000,000.00","$2,000,000.00",0,$0.00,1,0,0,0
1,972,85831,London Market,02-Mar-66,02-Mar-67,"$50,000.00","$250,000.00",0,$0.00,1,0,0,0
1,962,GAP,Kansas City Southern Railroad Company,02-Mar-66,02-Mar-67,"$300,000.00","$250,000.00",0,$0.00,3,0,0,0
1,960,GAP,Kansas City Southern Railroad Company,02-Mar-66,02-Mar-67,"$550,000.00","$450,000.00",0,$0.00,3,0,0,0
1,103,92434,London Market,02-Mar-66,02-Mar-67,"$1,000,000.00","$2,000,000.00",0,$0.00,1,0,0,0
1,136,86795 (NL 3119),London Market,16-May-66,16-May-67,"$3,000,000.00","$2,000,000.00",0,$0.00,1,0,0,0
1,972,85831,London Market,02-Mar-67,02-Mar-68,"$50,000.00","$250,000.00",0,$0.00,1,0,0,0
1,962,GAP,Kansas City Southern Railroad Company,02-Mar-67,02-Mar-68,"$300,000.00","$250,000.00",0,$0.00,3,0,0,0
1,963,GAP,Kansas City Southern Railroad Company,02-Mar-67,02-Mar-68,"$550,000.00","$450,000.00",0,$0.00,3,0,0,0
1,103,92434,London Market,02-Mar-67,02-Mar-68,"$1,000,000.00","$2,000,000.00",0,$0.00,1,0,0,0
1,136,86795 (NL 3119),London Market,16-May-67,16-May-68,"$3,000,000.00","$2,000,000.00",0,$0.00,1,0,0,0
1,160,GAP,Kansas City Southern Railroad Company,02-Mar-68,02-Mar-69,"$100,000.00","$2,900,000.00",0,$0.00,3,0,0,0
1,952,86795 (NL 3119),London Market,16-May-68,15-Jun-69,"$3,000,000.00","$2,000,000.00",0,$0.00,1,0,0,0
1,168,87132 (NL3446),London Market,20-Aug-68,20-Aug-69,"$5,000,000.00","$4,500,000.00",1,"$5,000,000.00",1,0,0,0
1,173,M0088266,American Re-Insurance Co.,20-Aug-68,20-Aug-69,"$5,000,000.00","$500,000.00",1,"$5,000,000.00",3,0,0,0
1,161,R5016,"Mutual Fire, Marine and Inland Ins. Co.",02-Mar-69,02-Mar-70,"$100,000.00","$290,000.00",1,"$2,900,000.00",3,0,0,0
1,979,1RA22SC,Aetna Cas. and Surety Co.,02-Mar-69,02-Mar-70,"$100,000.00","$2,610,000.00",1,"$2,900,000.00",3,0,0,0
1,180,87173 (NL3480),London Market,15-Jun-69,15-Jun-70,"$3,000,000.00","$1,000,000.00",1,"$2,000,000.00",1,0,0,0
1,184,107914,Harbor Insurance Company,15-Jun-69,15-Jun-70,"$3,000,000.00","$500,000.00",1,"$2,000,000.00",3,0,0,0
1,185,X-4540,General Re-Insurance Corp.,15-Jun-69,15-Jun-70,"$3,000,000.00","$500,000.00",1,"$2,000,000.00",3,0,0,0
1,188,87186 (NL3486),London Market,20-Aug-69,20-Aug-70,"$5,000,000.00","$3,750,000.00",1,"$5,000,000.00",1,0,0,0
1,193,108134,Harbor Insurance Company,20-Aug-69,20-Aug-70,"$5,000,000.00","$750,000.00",1,"$5,000,000.00",3,0,0,0
1,194,M088476,American Re-Insurance Co.,20-Aug-69,20-Aug-70,"$5,000,000.00","$500,000.00",1,"$5,000,000.00",3,0,0,0
1,197,1RA22SC,Aetna Cas. and Surety Co.,02-Mar-70,02-Mar-71,"$250,000.00","$2,475,000.00",1,"$2,750,000.00",3,0,0,0
1,198,R5016,"Mutual Fire, Marine and Inland Ins. Co.",02-Mar-70,02-Mar-71,"$250,000.00","$275,000.00",1,"$2,750,000.00",3,0,0,0
1,201,87283 (NL3589),London Market,15-Jun-70,15-Jun-71,"$3,000,000.00","$1,043,200.00",1,"$2,000,000.00",1,0,0,0
1,205,109633,Harbor Insurance Company,15-Jun-70,15-Jun-71,"$3,000,000.00","$478,400.00",1,"$2,000,000.00",3,0,0,0
1,206,X-4641,General Re-Insurance Corp.,15-Jun-70,15-Jun-71,"$3,000,000.00","$478,400.00",1,"$2,000,000.00",3,0,0,0
1,217,87284 (NL3590) (70),London Market,20-Aug-70,20-Aug-71,"$5,000,000.00","$4,542,000.00",1,"$5,000,000.00",1,0,0,0
1,223,M0089364,American Re-Insurance Co.,20-Aug-70,20-Aug-71,"$5,000,000.00","$458,000.00",1,"$5,000,000.00",3,0,0,0
1,980,1RA22SC,Aetna Cas. and Surety Co.,02-Mar-71,02-Mar-72,"$250,000.00","$2,475,000.00",1,"$2,750,000.00",3,0,0,0
1,981,R5016,"Mutual Fire, Marine and Inland Ins. Co.",02-Mar-71,02-Mar-72,"$250,000.00","$275,000.00",1,"$2,750,000.00",3,0,0,0
1,235,110559,Harbor Insurance Company,02-Mar-71,15-Apr-72,"$500,000.00","$2,750,000.00",0,$0.00,3,0,0,0
1,240,110660,Harbor Insurance Company,02-Mar-71,15-Apr-72,"$3,250,000.00","$850,000.00",1,"$2,000,000.00",3,0,0,0
1,238,87373 (NL 3686),London Market,15-Jun-71,15-Apr-72,"$3,250,000.00","$1,150,000.00",1,"$2,000,000.00",1,0,0,0
1,243,87284 (NL3590) (71),London Market,20-Aug-71,15-Apr-72,"$5,250,000.00","$3,000,000.00",0,$0.00,1,0,0,0
1,276,XSI 1195    (SP 1145),International Surplus Lines Insurance Company,18-Feb-72,18-Feb-73,"$8,250,000.00","$2,499,980.00",1,"$7,000,000.00",2,0,0,0
1,277,SP 1145,"Mutual Fire, Marine and Inland Ins. Co.",18-Feb-72,18-Feb-73,"$8,250,000.00","$2,069,970.00",1,"$7,000,000.00",3,0,0,0
1,278,HEC 4166127 (SP 1145),Home Insurance Company,18-Feb-72,18-Feb-73,"$8,250,000.00","$500,010.00",1,"$7,000,000.00",3,0,0,0
1,279,ZCX 00 06 63,California Union Insurance Company,18-Feb-72,18-Feb-73,"$8,250,000.00","$500,010.00",1,"$7,000,000.00",3,0,0,0
1,280,CE 274 93 74 (SP 1145),American Home Assurance Company,18-Feb-72,18-Feb-73,"$8,250,000.00","$479,990.00",1,"$7,000,000.00",3,0,0,0
1,281,SCP 3818,Glacier General Assurance Company,18-Feb-72,18-Feb-73,"$8,250,000.00","$350,000.00",1,"$7,000,000.00",3,0,0,0
1,282,C 0718045 (SP 1145),American Re-Insurance Co.,18-Feb-72,18-Feb-73,"$8,250,000.00","$350,000.00",1,"$7,000,000.00",3,0,0,0
1,283,DE-12 (SP 1145),Argonaut Insurance Company,18-Feb-72,18-Feb-73,"$8,250,000.00","$249,970.00",1,"$7,000,000.00",3,0,0,0
1,251,112713,Harbor Insurance Company,15-Apr-72,15-Apr-73,"$500,000.00","$2,750,000.00",0,$0.00,3,0,0,0
1,254,87459 (NL3789),London Market,15-Apr-72,15-Apr-73,"$3,250,000.00","$1,000,000.00",1,"$2,000,000.00",1,0,0,0
1,260,112744,Harbor Insurance Company,15-Apr-72,15-Apr-73,"$3,250,000.00","$1,000,000.00",1,"$2,000,000.00",3,0,0,0
1,263,87460 (NL3790),London Market,15-Apr-72,15-Apr-73,"$5,250,000.00","$3,000,000.00",0,$0.00,1,0,0,0
1,282,C 0718045 (SP 1145),American Re-Insurance Co.,18-Feb-73,18-Feb-74,"$8,250,000.00","$350,000.00",1,"$7,000,000.00",3,0,0,0
1,292,XSI 1593 (SP 1171),International Surplus Lines Insurance Company,18-Feb-73,18-Feb-74,"$8,250,000.00","$2,499,980.00",1,"$7,000,000.00",2,0,0,0
1,293,XCL 306192 (SP 1171),Signal Insurance Company,18-Feb-73,18-Feb-74,"$8,250,000.00","$2,320,010.00",1,"$7,000,000.00",3,0,0,0
1,294,ZCX 00 06 63,California Union Insurance Company,18-Feb-73,18-Feb-74,"$8,250,000.00","$500,010.00",1,"$7,000,000.00",3,0,0,0
1,295,CE 274 95 96 (SP 1171),American Home Assurance Company,18-Feb-73,18-Feb-74,"$8,250,000.00","$479,990.00",1,"$7,000,000.00",3,0,0,0
1,296,SCP 3818,Glacier General Assurance Company,18-Feb-73,18-Feb-74,"$8,250,000.00","$350,000.00",1,"$7,000,000.00",3,0,0,0
1,297,HEC 4356840 (SP 1171),Home Insurance Company,18-Feb-73,18-Feb-74,"$8,250,000.00","$500,010.00",1,"$7,000,000.00",3,0,0,0
1,286,IF 942565,International Insurance Company,15-Apr-73,15-Apr-74,"$500,000.00","$2,750,000.00",0,$0.00,2,0,0,0
1,289,XS 2576     (SP 1182),International Insurance Company,15-Apr-73,15-Apr-74,"$3,250,000.00","$5,000,000.00",0,$0.00,2,0,0,0
1,293,XCL 306192 (SP 1171),Signal Insurance Company,18-Feb-74,18-Feb-75,"$8,250,000.00","$2,320,010.00",1,"$7,000,000.00",3,0,0,0
1,294,ZCX 00 06 63,California Union Insurance Company,18-Feb-74,18-Feb-75,"$8,250,000.00","$500,010.00",1,"$7,000,000.00",3,0,0,0
1,295,CE 274 95 96 (SP 1171),American Home Assurance Company,18-Feb-74,18-Feb-75,"$8,250,000.00","$479,990.00",1,"$7,000,000.00",3,0,0,0
1,296,SCP 3818,Glacier General Assurance Company,18-Feb-74,18-Feb-75,"$8,250,000.00","$350,000.00",1,"$7,000,000.00",3,0,0,0
1,297,HEC 4356840 (SP 1171),Home Insurance Company,18-Feb-74,18-Feb-75,"$8,250,000.00","$500,010.00",1,"$7,000,000.00",3,0,0,0
1,311,XSI 1593 (SP 1171),International Surplus Lines Insurance Company,18-Feb-74,18-Feb-75,"$8,250,000.00","$2,849,980.00",1,"$7,000,000.00",2,0,0,0
1,301,IF 942607,International Surplus Lines Insurance Company,15-Apr-74,15-Apr-75,"$1,000,000.00","$2,250,000.00",0,$0.00,2,0,0,0
1,304,XSI 2038,International Surplus Lines Insurance Company,15-Apr-74,30-Jul-75,"$3,250,000.00","$5,000,000.00",0,$0.00,2,0,0,0
1,325,XSI 2039,International Surplus Lines Insurance Company,08-May-74,23-Jul-75,"$15,250,000.00","$10,000,000.00",0,$0.00,2,0,0,0
1,328,XSI 2090 (SP 2015),International Surplus Lines Insurance Company,09-Oct-74,09-Oct-75,"$25,250,000.00","$13,875,000.00",1,"$25,000,000.00",2,0,0,0
1,329,CE 550 4709 (SP 2015),Lexington Insurance Company,09-Oct-74,09-Oct-75,"$25,250,000.00","$5,000,000.00",1,"$25,000,000.00",3,0,0,0
1,330,121597 (SP 2015),Harbor Insurance Company,09-Oct-74,09-Oct-75,"$25,250,000.00","$2,500,000.00",1,"$25,000,000.00",3,0,0,0
1,331,CE 343 7270 (SP 2015),American Home Assurance Company,09-Oct-74,09-Oct-75,"$25,250,000.00","$1,500,000.00",1,"$25,000,000.00",3,0,0,0
1,332,4174-6144 (SP 2015),Insurance Company of the State of Pennsylvania,09-Oct-74,09-Oct-75,"$25,250,000.00","$1,000,000.00",1,"$25,000,000.00",3,0,0,0
1,333,4CM 0037 (SP 2015),Admiral Insurance Company,09-Oct-74,09-Oct-75,"$25,250,000.00","$1,000,000.00",1,"$25,000,000.00",3,0,0,0
1,334,43648 (SP 2015),Turegum Insurance Company,09-Oct-74,09-Oct-75,"$25,250,000.00","$125,000.00",1,"$25,000,000.00",3,0,0,0
1,294,ZCX 00 06 63,California Union Insurance Company,18-Feb-75,18-Feb-76,"$8,250,000.00","$500,010.00",1,"$7,000,000.00",3,0,0,0
1,295,CE 274 95 96 (SP 1171),American Home Assurance Company,18-Feb-75,18-Feb-76,"$8,250,000.00","$479,990.00",1,"$7,000,000.00",3,0,0,0
1,319,XSI 1593 (SP 1171),International Surplus Lines Insurance Company,18-Feb-75,18-Feb-76,"$8,250,000.00","$4,169,970.00",1,"$7,000,000.00",2,0,0,0
1,320,4175-6241 (SP 1171),Insurance Company of the State of Pennsylvania,18-Feb-75,18-Feb-76,"$8,250,000.00","$1,850,030.00",1,"$7,000,000.00",3,0,0,0
1,301,IF 942607,International Surplus Lines Insurance Company,15-Apr-75,15-Apr-76,"$1,000,000.00","$2,250,000.00",0,$0.00,2,0,0,0
1,325,XSI 2039,International Surplus Lines Insurance Company,23-Jul-75,23-Jul-76,"$15,250,000.00","$10,000,000.00",0,$0.00,2,0,0,0
1,307,XSI 2038,International Surplus Lines Insurance Company,30-Jul-75,15-Apr-76,"$3,250,000.00","$4,500,000.00",1,"$5,000,000.00",2,0,0,0
1,308,Unknown,Unknown Insurance Companies,30-Jul-75,15-Apr-76,"$3,250,000.00","$500,000.00",1,"$5,000,000.00",3,0,0,0
1,603,6679-1767,Granite State Insurance Company,10-Nov-79,09-Oct-80,"$40,250,000.00","$750,000.00",1,"$30,000,000.00",3,0,0,0
1,606,IF 480590,International Insurance Company,15-Apr-80,15-Apr-81,"$1,500,000.00","$1,500,000.00",0,$0.00,2,0,0,0
1,609,IF 480590,International Insurance Company,15-Apr-80,15-Apr-81,"$3,000,000.00","$3,000,000.00",0,$0.00,2,0,0,0
1,612,520 0215696,International Insurance Company,15-Apr-80,15-Apr-81,"$6,000,000.00","$4,000,000.00",0,$0.00,2,0,0,0
1,615,614/NTA 043,London Market,15-Apr-80,15-Apr-81,"$10,000,000.00","$9,531,097.50",1,"$15,250,000.00",1,0,0,0
1,649,6680-2114,Granite State Insurance Company,15-Apr-80,15-Apr-81,"$10,000,000.00","$2,249,375.00",1,"$15,250,000.00",3,0,0,0
1,650,ZCV 00 50 47,California Union Insurance Company,15-Apr-80,15-Apr-81,"$10,000,000.00","$1,000,400.00",1,"$15,250,000.00",3,0,0,0
1,651,520 0215705,International Insurance Company,15-Apr-80,15-Apr-81,"$10,000,000.00","$1,325,225.00",1,"$15,250,000.00",2,0,0,0
1,652,5540416 FR,Lexington Insurance Company,15-Apr-80,15-Apr-81,"$10,000,000.00","$1,143,750.00",1,"$15,250,000.00",3,0,0,0
1,655,RR 2289,International Insurance Company,09-Oct-80,09-Oct-81,"$25,250,000.00","$18,000,000.00",1,"$25,000,000.00",2,0,0,0
1,656,63 007 218,Northbrook Excess & Surplus Insurance Company,09-Oct-80,09-Oct-81,"$25,250,000.00","$2,500,000.00",1,"$25,000,000.00",3,0,0,0
1,657,6680-2348,Granite State Insurance Company,09-Oct-80,09-Oct-81,"$25,250,000.00","$2,000,000.00",1,"$25,000,000.00",3,0,0,0
1,658,ZCV 00 56 45,California Union Insurance Company,09-Oct-80,09-Oct-81,"$25,250,000.00","$1,000,000.00",1,"$25,000,000.00",3,0,0,0
1,659,(81)7933-06-86,Federal Insurance Company,09-Oct-80,09-Oct-81,"$25,250,000.00","$1,000,000.00",1,"$25,000,000.00",3,0,0,0
1,660,800387,Southern American Insurance Company,09-Oct-80,09-Oct-81,"$25,250,000.00","$500,000.00",1,"$25,000,000.00",3,0,0,0
1,663,Unknown,International Surplus Lines Insurance Company,09-Oct-80,09-Oct-81,"$50,250,000.00","$19,250,000.00",1,"$35,000,000.00",2,0,0,0
1,664,Unknown,Lexington Insurance Company,09-Oct-80,09-Oct-81,"$50,250,000.00","$7,000,000.00",1,"$35,000,000.00",3,0,0,0
1,665,6680-2349,Granite State Insurance Company,09-Oct-80,09-Oct-81,"$50,250,000.00","$749,997.50",1,"$35,000,000.00",3,0,0,0
1,666,ZCV 00 56 46,California Union Insurance Company,09-Oct-80,09-Oct-81,"$50,250,000.00","$999,999.00",1,"$35,000,000.00",3,0,0,0
1,667,63 007 219,Northbrook Excess & Surplus Insurance Company,09-Oct-80,09-Oct-81,"$50,250,000.00","$3,000,000.50",1,"$35,000,000.00",3,0,0,0
1,668,MM 71555,Employers Mutual Casualty Company,09-Oct-80,09-Oct-81,"$50,250,000.00","$1,999,998.00",1,"$35,000,000.00",3,0,0,0
1,669,FE 4000413,Landmark Insurance Company,09-Oct-80,09-Oct-81,"$50,250,000.00","$1,999,998.00",1,"$35,000,000.00",3,0,0,0
1,672,IF 480675,International Insurance Company,01-Apr-81,01-Apr-82,"$1,000,000.00","$9,000,000.00",0,$0.00,2,0,0,0
1,675,522-0293265,International Insurance Company,01-Apr-81,01-Apr-82,"$10,000,000.00","$11,749,950.00",1,"$15,000,000.00",2,0,0,0
1,676,ZCV 00 57 31,California Union Insurance Company,01-Apr-81,01-Apr-82,"$10,000,000.00","$1,000,050.00",1,"$15,000,000.00",3,0,0,0
1,677,6681-2389,Granite State Insurance Company,01-Apr-81,01-Apr-82,"$10,000,000.00","$2,250,000.00",1,"$15,000,000.00",3,0,0,0
1,680,522-0293274,International Insurance Company,01-Apr-81,01-Apr-82,"$25,000,000.00","$18,000,000.00",1,"$25,000,000.00",2,0,0,0
1,681,6681-2390,Granite State Insurance Company,01-Apr-81,01-Apr-82,"$25,000,000.00","$2,000,000.00",1,"$25,000,000.00",3,0,0,0
1,682,63 007 876,Northbrook Excess & Surplus Insurance Company,01-Apr-81,01-Apr-82,"$25,000,000.00","$2,500,000.00",1,"$25,000,000.00",3,0,0,0
1,683,Unknown,Federal Insurance Company,01-Apr-81,01-Apr-82,"$25,000,000.00","$1,000,000.00",1,"$25,000,000.00",3,0,0,0
1,684,Unknown,Southern American Insurance Company,01-Apr-81,01-Apr-82,"$25,000,000.00","$500,000.00",1,"$25,000,000.00",3,0,0,0
1,685,Unknown,Allianz Underwriters Insurance Company,01-Apr-81,01-Apr-82,"$25,000,000.00","$1,000,000.00",1,"$25,000,000.00",3,0,0,0
1,688,522 0293283,International Insurance Company,01-Apr-81,01-Apr-82,"$50,000,000.00","$23,723,000.00",1,"$35,000,000.00",2,0,0,0
1,689,Unknown,Granite State Insurance Company,01-Apr-81,01-Apr-82,"$50,000,000.00","$749,000.00",1,"$35,000,000.00",3,0,0,0
1,690,63 007 878,Northbrook Excess & Surplus Insurance Company,01-Apr-81,01-Apr-82,"$50,000,000.00","$2,499,000.00",1,"$35,000,000.00",3,0,0,0
1,691,Unknown,Allianz Underwriters Insurance Company,01-Apr-81,01-Apr-82,"$50,000,000.00","$4,025,000.00",1,"$35,000,000.00",3,0,0,0
1,692,Unknown,Employers Mutual Casualty Company,01-Apr-81,01-Apr-82,"$50,000,000.00","$2,002,000.00",1,"$35,000,000.00",3,0,0,0
1,693,Unknown,Landmark Insurance Company,01-Apr-81,01-Apr-82,"$50,000,000.00","$2,002,000.00",1,"$35,000,000.00",3,0,0,0
1,696,522 0293292,International Insurance Company,01-Apr-81,01-Apr-82,"$85,000,000.00","$12,500,000.00",1,"$25,000,000.00",2,0,0,0
1,697,63 007 878,Northbrook Excess & Surplus Insurance Company,01-Apr-81,01-Apr-82,"$85,000,000.00","$7,500,000.00",1,"$25,000,000.00",3,0,0,0
1,698,7935-71-32,Federal Insurance Company,01-Apr-81,01-Apr-82,"$85,000,000.00","$1,000,000.00",1,"$25,000,000.00",3,0,0,0
1,699,Unknown,Allianz Underwriters Insurance Company,01-Apr-81,01-Apr-82,"$85,000,000.00","$3,000,000.00",1,"$25,000,000.00",3,0,0,0
1,700,Unknown,Landmark Insurance Company,01-Apr-81,01-Apr-82,"$85,000,000.00","$1,000,000.00",1,"$25,000,000.00",3,0,0,0
1,703,522-0293301,International Insurance Company,01-Apr-81,01-Apr-82,"$110,000,000.00","$11,500,000.00",1,"$25,000,000.00",2,0,0,0
1,704,63 007 879,Northbrook Excess & Surplus Insurance Company,01-Apr-81,01-Apr-82,"$110,000,000.00","$7,500,000.00",1,"$25,000,000.00",3,0,0,0
1,705,Unknown,Southern American Insurance Company,01-Apr-81,01-Apr-82,"$110,000,000.00","$1,500,000.00",1,"$25,000,000.00",3,0,0,0
1,706,Unknown,Allianz Underwriters Insurance Company,01-Apr-81,01-Apr-82,"$110,000,000.00","$3,000,000.00",1,"$25,000,000.00",3,0,0,0
1,707,XLX 139 47 91,Fireman's Fund Insurance Company,01-Apr-81,01-Apr-82,"$110,000,000.00","$1,500,000.00",1,"$25,000,000.00",3,0,0,0
1,710,522 0309015,International Insurance Company,15-Nov-81,31-Dec-81,"$135,000,000.00","$10,497,500.00",1,"$65,000,000.00",2,0,0,0
1,711,XCP 144516,Insurance Company of North America,15-Nov-81,31-Dec-81,"$135,000,000.00","$10,003,500.00",1,"$65,000,000.00",3,0,0,0
1,712,AUX 5 20 04 42,Allianz Underwriters Insurance Company,15-Nov-81,31-Dec-81,"$135,000,000.00","$7,000,500.00",1,"$65,000,000.00",3,0,0,0
1,713,AUX 200402,Landmark Insurance Company,15-Nov-81,31-Dec-81,"$135,000,000.00","$5,999,500.00",1,"$65,000,000.00",3,0,0,0
1,714,XL 203577,Integrity Insurance Company,15-Nov-81,31-Dec-81,"$135,000,000.00","$4,998,500.00",1,"$65,000,000.00",3,0,0,0
1,715,ZCX 00 60 66,California Union Insurance Company,15-Nov-81,31-Dec-81,"$135,000,000.00","$4,998,500.00",1,"$65,000,000.00",3,0,0,0
1,716,XLX 139 47 90,Fireman's Fund Insurance Company,15-Nov-81,31-Dec-81,"$135,000,000.00","$4,998,500.00",1,"$65,000,000.00",3,0,0,0
1,717,6681-3190,Granite State Insurance Company,15-Nov-81,31-Dec-81,"$135,000,000.00","$3,997,500.00",1,"$65,000,000.00",3,0,0,0
1,718,5733-00-100265,Employers Insurance of Wausau,15-Nov-81,31-Dec-81,"$135,000,000.00","$3,003,000.00",1,"$65,000,000.00",3,0,0,0
1,719,XL 724069,Midland Insurance Company,15-Nov-81,31-Dec-81,"$135,000,000.00","$3,503,500.00",1,"$65,000,000.00",3,0,0,0
1,720,7936 51 07,Federal Insurance Company,15-Nov-81,31-Dec-81,"$135,000,000.00","$1,001,000.00",1,"$65,000,000.00",3,0,0,0
1,721,Unknown,Kansas City Southern Railroad Company,15-Nov-81,31-Dec-81,"$135,000,000.00","$4,998,500.00",1,"$65,000,000.00",3,0,0,0
1,710,522 0309015,International Insurance Company,01-Jan-82,01-Apr-83,"$135,000,000.00","$10,497,500.00",1,"$65,000,000.00",2,0,0,0
1,713,AUX 200402,Landmark Insurance Company,01-Jan-82,01-Apr-83,"$135,000,000.00","$5,999,500.00",1,"$65,000,000.00",3,0,0,0
1,715,ZCX 00 60 66,California Union Insurance Company,01-Jan-82,01-Apr-83,"$135,000,000.00","$4,998,500.00",1,"$65,000,000.00",3,0,0,0
1,716,XLX 139 47 90,Fireman's Fund Insurance Company,01-Jan-82,01-Apr-83,"$135,000,000.00","$4,998,500.00",1,"$65,000,000.00",3,0,0,0
1,717,6681-3190,Granite State Insurance Company,01-Jan-82,01-Apr-83,"$135,000,000.00","$3,997,500.00",1,"$65,000,000.00",3,0,0,0
1,718,5733-00-100265,Employers Insurance of Wausau,01-Jan-82,01-Apr-83,"$135,000,000.00","$3,003,000.00",1,"$65,000,000.00",3,0,0,0
1,719,XL 724069,Midland Insurance Company,01-Jan-82,01-Apr-83,"$135,000,000.00","$3,503,500.00",1,"$65,000,000.00",3,0,0,0
1,720,7936 51 07,Federal Insurance Company,01-Jan-82,01-Apr-83,"$135,000,000.00","$1,001,000.00",1,"$65,000,000.00",3,0,0,0
1,725,XCP 144516,Insurance Company of North America,01-Jan-82,01-Apr-83,"$135,000,000.00","$10,699,000.00",1,"$65,000,000.00",3,0,0,0
1,726,AUX 5 20 04 42,Allianz Underwriters Insurance Company,01-Jan-82,01-Apr-83,"$135,000,000.00","$6,305,000.00",1,"$65,000,000.00",3,0,0,0
1,728,XL 203577,Integrity Insurance Company,01-Jan-82,01-Apr-83,"$135,000,000.00","$1,001,000.00",1,"$65,000,000.00",3,0,0,0
1,735,63 008 474,Northbrook Excess & Surplus Insurance Company,01-Jan-82,01-Apr-83,"$135,000,000.00","$1,501,500.00",1,"$65,000,000.00",3,0,0,0
1,736,Unknown,Kansas City Southern Railroad Company,01-Jan-82,01-Apr-83,"$135,000,000.00","$6,357,000.00",1,"$65,000,000.00",3,0,0,0
1,750,933651,First State Insurance Company,01-Jan-82,01-Apr-83,"$135,000,000.00","$1,137,500.00",1,"$65,000,000.00",3,0,0,0
1,672,IF 480675,International Insurance Company,01-Apr-82,01-Apr-83,"$1,000,000.00","$9,000,000.00",0,$0.00,2,0,0,0
1,755,522 0309429,International Insurance Company,01-Apr-82,01-Apr-83,"$10,000,000.00","$11,749,950.00",1,"$15,000,000.00",2,0,0,0
1,756,ZCV 00 61 32,California Union Insurance Company,01-Apr-82,01-Apr-83,"$10,000,000.00","$1,000,050.00",1,"$15,000,000.00",3,0,0,0
1,757,6682-3232,Granite State Insurance Company,01-Apr-82,01-Apr-83,"$10,000,000.00","$2,250,000.00",1,"$15,000,000.00",3,0,0,0
1,760,522 0309438,International Insurance Company,01-Apr-82,01-Apr-83,"$25,000,000.00","$18,000,000.00",1,"$25,000,000.00",2,0,0,0
1,761,6682-3233,Granite State Insurance Company,01-Apr-82,01-Apr-83,"$25,000,000.00","$2,000,000.00",1,"$25,000,000.00",3,0,0,0
1,762,63 008 623,Northbrook Excess & Surplus Insurance Company,01-Apr-82,01-Apr-83,"$25,000,000.00","$2,500,000.00",1,"$25,000,000.00",3,0,0,0
1,763,KR 511 95 83,Reliance Insurance Company of Illinois,01-Apr-82,01-Apr-83,"$25,000,000.00","$500,000.00",1,"$25,000,000.00",3,0,0,0
1,764,ZCV 00 61 33,California Union Insurance Company,01-Apr-82,01-Apr-83,"$25,000,000.00","$2,000,000.00",1,"$25,000,000.00",3,0,0,0
1,767,522 0309447,International Insurance Company,01-Apr-82,01-Apr-83,"$50,000,000.00","$23,723,000.00",1,"$35,000,000.00",2,0,0,0
1,768,6682-3234,Granite State Insurance Company,01-Apr-82,01-Apr-83,"$50,000,000.00","$749,000.00",1,"$35,000,000.00",3,0,0,0
1,769,63 008 624,Northbrook Excess & Surplus Insurance Company,01-Apr-82,01-Apr-83,"$50,000,000.00","$2,499,000.00",1,"$35,000,000.00",3,0,0,0
1,770,FE4 00 05 97,Landmark Insurance Company,01-Apr-82,01-Apr-83,"$50,000,000.00","$2,002,000.00",1,"$35,000,000.00",3,0,0,0
1,771,Unknown,Employers Mutual Casualty Company,01-Apr-82,01-Apr-83,"$50,000,000.00","$2,002,000.00",1,"$35,000,000.00",3,0,0,0
1,772,AUX 5 29 07 35,Allianz Underwriters Insurance Company,01-Apr-82,01-Apr-83,"$50,000,000.00","$4,025,000.00",1,"$35,000,000.00",3,0,0,0
1,775,522 0309456,International Insurance Company,01-Apr-82,01-Apr-83,"$85,000,000.00","$12,500,000.00",1,"$25,000,000.00",2,0,0,0
1,776,63 008 625,Northbrook Excess & Surplus Insurance Company,01-Apr-82,01-Apr-83,"$85,000,000.00","$7,500,000.00",1,"$25,000,000.00",3,0,0,0
1,777,(83)7935-71-32,Federal Insurance Company,01-Apr-82,01-Apr-83,"$85,000,000.00","$1,000,000.00",1,"$25,000,000.00",3,0,0,0
1,778,AUX 5 20 07 36,Allianz Underwriters Insurance Company,01-Apr-82,01-Apr-83,"$85,000,000.00","$3,000,000.00",1,"$25,000,000.00",3,0,0,0
1,779,FE 400 05 98,Landmark Insurance Company,01-Apr-82,01-Apr-83,"$85,000,000.00","$1,000,000.00",1,"$25,000,000.00",3,0,0,0
1,782,522 0309465,International Insurance Company,01-Apr-82,01-Apr-83,"$110,000,000.00","$11,500,000.00",1,"$25,000,000.00",2,0,0,0
1,783,63 008 626,Northbrook Excess & Surplus Insurance Company,01-Apr-82,01-Apr-83,"$110,000,000.00","$7,500,000.00",1,"$25,000,000.00",3,0,0,0
1,784,KR 511 95 85,Reliance Insurance Company of Illinois,01-Apr-82,01-Apr-83,"$110,000,000.00","$1,500,000.00",1,"$25,000,000.00",3,0,0,0
1,785,AUX 5 20 07 37,Allianz Underwriters Insurance Company,01-Apr-82,01-Apr-83,"$110,000,000.00","$3,000,000.00",1,"$25,000,000.00",3,0,0,0
1,786,XLX-139 48 72,Fireman's Fund Insurance Company,01-Apr-82,01-Apr-83,"$110,000,000.00","$1,500,000.00",1,"$25,000,000.00",3,0,0,0
1,672,IF 480675,International Insurance Company,01-Apr-83,01-Apr-84,"$1,000,000.00","$9,000,000.00",0,$0.00,2,0,0,0
1,792,522 0349389,International Insurance Company,01-Apr-83,01-Apr-84,"$10,000,000.00","$11,749,950.00",1,"$15,000,000.00",2,0,0,0
1,793,ZCV 00 64 28,California Union Insurance Company,01-Apr-83,01-Apr-84,"$10,000,000.00","$1,000,050.00",1,"$15,000,000.00",3,0,0,0
1,794,6683-4104,Granite State Insurance Company,01-Apr-83,01-Apr-84,"$10,000,000.00","$2,250,000.00",1,"$15,000,000.00",3,0,0,0
1,797,522 0349398,International Insurance Company,01-Apr-83,01-Apr-84,"$25,000,000.00","$15,750,000.00",1,"$25,000,000.00",2,0,0,0
1,798,6683-4105,Granite State Insurance Company,01-Apr-83,01-Apr-84,"$25,000,000.00","$2,000,000.00",1,"$25,000,000.00",3,0,0,0
1,799,ZCV 00 64 30,California Union Insurance Company,01-Apr-83,01-Apr-84,"$25,000,000.00","$3,750,000.00",1,"$25,000,000.00",3,0,0,0
1,800,ZCV 00 64 29,California Union Insurance Company,01-Apr-83,01-Apr-84,"$25,000,000.00","$2,000,000.00",1,"$25,000,000.00",3,0,0,0
1,801,FE 40000856,Landmark Insurance Company,01-Apr-83,01-Apr-84,"$25,000,000.00","$1,500,000.00",1,"$25,000,000.00",3,0,0,0
1,804,522 0349407,International Insurance Company,01-Apr-83,01-Apr-84,"$50,000,000.00","$19,500,000.00",1,"$50,000,000.00",2,0,0,0
1,805,6683-4106,Granite State Insurance Company,01-Apr-83,01-Apr-84,"$50,000,000.00","$750,000.00",1,"$50,000,000.00",3,0,0,0
1,806,ZCV 00 64 31,California Union Insurance Company,01-Apr-83,01-Apr-84,"$50,000,000.00","$3,250,000.00",1,"$50,000,000.00",3,0,0,0
1,807,AUX 5 20 09 45,Allianz Underwriters Insurance Company,01-Apr-83,01-Apr-84,"$50,000,000.00","$9,000,000.00",1,"$50,000,000.00",3,0,0,0
1,808,XCP 145535,Insurance Company of North America,01-Apr-83,01-Apr-84,"$50,000,000.00","$7,500,000.00",1,"$50,000,000.00",3,0,0,0
1,809,EL 981407,First State Insurance Company,01-Apr-83,01-Apr-84,"$50,000,000.00","$2,500,000.00",1,"$50,000,000.00",3,0,0,0
1,810,XL 724827,Midland Insurance Company,01-Apr-83,01-Apr-84,"$50,000,000.00","$3,500,000.00",1,"$50,000,000.00",3,0,0,0
1,811,M 884784,Mission Insurance Company,01-Apr-83,01-Apr-84,"$50,000,000.00","$4,000,000.00",1,"$50,000,000.00",3,0,0,0
1,814,522 0349416,International Insurance Company,01-Apr-83,01-Apr-84,"$100,000,000.00","$16,500,000.00",1,"$50,000,000.00",2,0,0,0
1,815,0145,Ideal Mutual Insurance Company,01-Apr-83,01-Apr-84,"$100,000,000.00","$3,000,000.00",1,"$50,000,000.00",3,0,0,0
1,816,EC 102715,Royal Indemnity Company,01-Apr-83,01-Apr-84,"$100,000,000.00","$3,000,000.00",1,"$50,000,000.00",3,0,0,0
1,817,FE 40000857,Landmark Insurance Company,01-Apr-83,01-Apr-84,"$100,000,000.00","$3,000,000.00",1,"$50,000,000.00",3,0,0,0
1,818,XLX 139 51 87,National Surety Corporation (Fireman's Fund),01-Apr-83,01-Apr-84,"$100,000,000.00","$2,500,000.00",1,"$50,000,000.00",3,0,0,0
1,819,ZCV 00 64 32,California Union Insurance Company,01-Apr-83,01-Apr-84,"$100,000,000.00","$5,000,000.00",1,"$50,000,000.00",3,0,0,0
1,820,EL 981408,First State Insurance Company,01-Apr-83,01-Apr-84,"$100,000,000.00","$7,000,000.00",1,"$50,000,000.00",3,0,0,0
1,821,XCP 145536,Insurance Company of North America,01-Apr-83,01-Apr-84,"$100,000,000.00","$10,000,000.00",1,"$50,000,000.00",3,0,0,0
1,824,522 0349425,International Insurance Company,01-Apr-83,01-Apr-84,"$150,000,000.00","$13,500,000.00",1,"$50,000,000.00",2,0,0,0
1,825,XLX 139 51 88,National Surety Corporation (Fireman's Fund),01-Apr-83,01-Apr-84,"$150,000,000.00","$5,000,000.00",1,"$50,000,000.00",3,0,0,0
1,826,6683-4107,Granite State Insurance Company,01-Apr-83,01-Apr-84,"$150,000,000.00","$4,000,000.00",1,"$50,000,000.00",3,0,0,0
1,827,7936 52 81,Federal Insurance Company,01-Apr-83,01-Apr-84,"$150,000,000.00","$1,500,000.00",1,"$50,000,000.00",3,0,0,0
1,828,XL 207147,Integrity Insurance Company,01-Apr-83,01-Apr-84,"$150,000,000.00","$1,000,000.00",1,"$50,000,000.00",3,0,0,0
1,829,FE 40000858,Landmark Insurance Company,01-Apr-83,01-Apr-84,"$150,000,000.00","$10,000,000.00",1,"$50,000,000.00",3,0,0,0
1,830,EC 102716,Royal Indemnity Company,01-Apr-83,01-Apr-84,"$150,000,000.00","$3,000,000.00",1,"$50,000,000.00",3,0,0,0
1,831,HC 00886,Hudson Insurance Company,01-Apr-83,01-Apr-84,"$150,000,000.00","$1,000,000.00",1,"$50,000,000.00",3,0,0,0
1,832,5734-00-100265,Employers Insurance of Wausau,01-Apr-83,01-Apr-84,"$150,000,000.00","$3,000,000.00",1,"$50,000,000.00",3,0,0,0
1,833,XL 724828,Midland Insurance Company,01-Apr-83,01-Apr-84,"$150,000,000.00","$3,500,000.00",1,"$50,000,000.00",3,0,0,0
1,834,XCP 145537,Insurance Company of North America,01-Apr-83,01-Apr-84,"$150,000,000.00","$2,500,000.00",1,"$50,000,000.00",3,0,0,0
1,835,0145,Ideal Mutual Insurance Company,01-Apr-83,01-Apr-84,"$150,000,000.00","$2,000,000.00",1,"$50,000,000.00",3,0,0,0
1,838,540 6836058,International Insurance Company,01-Apr-84,01-Apr-85,"$1,000,000.00","$9,000,000.00",0,$0.00,2,0,0,0
1,793,ZCV 00 64 28,California Union Insurance Company,01-Apr-84,01-Apr-85,"$10,000,000.00","$1,000,050.00",1,"$15,000,000.00",3,0,0,0
1,841,522 0468918,International Insurance Company,01-Apr-84,01-Apr-85,"$10,000,000.00","$11,749,950.00",1,"$15,000,000.00",2,0,0,0
1,842,6684-4858,Granite State Insurance Company,01-Apr-84,01-Apr-85,"$10,000,000.00","$2,250,000.00",1,"$15,000,000.00",3,0,0,0
1,799,ZCV 00 64 30,California Union Insurance Company,01-Apr-84,01-Apr-85,"$25,000,000.00","$3,750,000.00",1,"$25,000,000.00",3,0,0,0
1,800,ZCV 00 64 29,California Union Insurance Company,01-Apr-84,01-Apr-85,"$25,000,000.00","$2,000,000.00",1,"$25,000,000.00",3,0,0,0
1,846,522 0468927,International Insurance Company,01-Apr-84,01-Apr-85,"$25,000,000.00","$14,750,000.00",1,"$25,000,000.00",2,0,0,0
1,849,6684-4859,Granite State Insurance Company,01-Apr-84,01-Apr-85,"$25,000,000.00","$2,000,000.00",1,"$25,000,000.00",3,0,0,0
1,850,FE 4001942,Landmark Insurance Company,01-Apr-84,01-Apr-85,"$25,000,000.00","$1,500,000.00",1,"$25,000,000.00",3,0,0,0
1,851,CUG 20016,Old Republic Insurance Company,01-Apr-84,01-Apr-85,"$25,000,000.00","$1,000,000.00",1,"$25,000,000.00",3,0,0,0
1,806,ZCV 00 64 31,California Union Insurance Company,01-Apr-84,01-Apr-85,"$50,000,000.00","$3,250,000.00",1,"$50,000,000.00",3,0,0,0
1,808,XCP 145535,Insurance Company of North America,01-Apr-84,01-Apr-85,"$50,000,000.00","$7,500,000.00",1,"$50,000,000.00",3,0,0,0
1,854,522 0468936,International Insurance Company,01-Apr-84,01-Apr-85,"$50,000,000.00","$18,500,000.00",1,"$50,000,000.00",2,0,0,0
1,856,AUX 5 20 09 45,Allianz Underwriters Insurance Company,01-Apr-84,01-Apr-85,"$50,000,000.00","$5,000,000.00",1,"$50,000,000.00",3,0,0,0
1,857,M 887814,Mission Insurance Company,01-Apr-84,01-Apr-85,"$50,000,000.00","$4,000,000.00",1,"$50,000,000.00",3,0,0,0
1,858,XL 724895,Midland Insurance Company,01-Apr-84,01-Apr-85,"$50,000,000.00","$3,500,000.00",1,"$50,000,000.00",3,0,0,0
1,860,RE 000038,First State Insurance Company,01-Apr-84,01-Apr-85,"$50,000,000.00","$2,500,000.00",1,"$50,000,000.00",3,0,0,0
1,861,XL 15024,Audubon Indemnity Company,01-Apr-84,01-Apr-85,"$50,000,000.00","$2,000,000.00",1,"$50,000,000.00",3,0,0,0
1,862,EC 102737,Royal Indemnity Company,01-Apr-84,01-Apr-85,"$50,000,000.00","$2,000,000.00",1,"$50,000,000.00",3,0,0,0
1,863,CUG 20017,Old Republic Insurance Company,01-Apr-84,01-Apr-85,"$50,000,000.00","$1,000,000.00",1,"$50,000,000.00",3,0,0,0
1,864,6684-4860,Granite State Insurance Company,01-Apr-84,01-Apr-85,"$50,000,000.00","$750,000.00",1,"$50,000,000.00",3,0,0,0
1,819,ZCV 00 64 32,California Union Insurance Company,01-Apr-84,01-Apr-85,"$100,000,000.00","$5,000,000.00",1,"$50,000,000.00",3,0,0,0
1,821,XCP 145536,Insurance Company of North America,01-Apr-84,01-Apr-85,"$100,000,000.00","$10,000,000.00",1,"$50,000,000.00",3,0,0,0
1,867,522 0468945,International Insurance Company,01-Apr-84,01-Apr-85,"$100,000,000.00","$19,500,000.00",1,"$50,000,000.00",2,0,0,0
1,869,RE 00039,First State Insurance Company,01-Apr-84,01-Apr-85,"$100,000,000.00","$7,000,000.00",1,"$50,000,000.00",3,0,0,0
1,871,FE 4001943,Landmark Insurance Company,01-Apr-84,01-Apr-85,"$100,000,000.00","$3,000,000.00",1,"$50,000,000.00",3,0,0,0
1,872,EC 102739,Royal Indemnity Company,01-Apr-84,01-Apr-85,"$100,000,000.00","$4,000,000.00",1,"$50,000,000.00",3,0,0,0
1,873,XLX 139 50 40,National Surety Corporation (Fireman's Fund),01-Apr-84,01-Apr-85,"$100,000,000.00","$2,500,000.00",1,"$50,000,000.00",3,0,0,0
1,828,XL 207147,Integrity Insurance Company,01-Apr-84,01-Apr-85,"$150,000,000.00","$1,000,000.00",1,"$50,000,000.00",3,0,0,0
1,832,5734-00-100265,Employers Insurance of Wausau,01-Apr-84,01-Apr-85,"$150,000,000.00","$3,000,000.00",1,"$50,000,000.00",3,0,0,0
1,834,XCP 145537,Insurance Company of North America,01-Apr-84,01-Apr-85,"$150,000,000.00","$2,500,000.00",1,"$50,000,000.00",3,0,0,0
1,876,522 0468954,International Insurance Company,01-Apr-84,01-Apr-85,"$150,000,000.00","$16,000,000.00",1,"$50,000,000.00",2,0,0,0
1,877,FE 4001944,Landmark Insurance Company,01-Apr-84,01-Apr-85,"$150,000,000.00","$10,000,000.00",1,"$50,000,000.00",3,0,0,0
1,878,XLX 139 50 41,National Surety Corporation (Fireman's Fund),01-Apr-84,01-Apr-85,"$150,000,000.00","$5,000,000.00",1,"$50,000,000.00",3,0,0,0
1,879,6684-4861,Granite State Insurance Company,01-Apr-84,01-Apr-85,"$150,000,000.00","$4,000,000.00",1,"$50,000,000.00",3,0,0,0
1,880,EC 102739,Royal Indemnity Company,01-Apr-84,01-Apr-85,"$150,000,000.00","$4,000,000.00",1,"$50,000,000.00",3,0,0,0
1,881,XL 724896,Midland Insurance Company,01-Apr-84,01-Apr-85,"$150,000,000.00","$3,500,000.00",1,"$50,000,000.00",3,0,0,0
1,884,(85) 7936 52 81,Federal Insurance Company,01-Apr-84,01-Apr-85,"$150,000,000.00","$1,000,000.00",1,"$50,000,000.00",3,0,0,0
1,888,540-683623-8,International Insurance Company,01-Apr-85,01-Apr-86,"$1,500,000.00","$1,000,000.00",0,$0.00,2,0,0,0
1,891,NTC 356,London Market,01-Apr-85,01-Apr-86,"$2,500,000.00","$5,400,000.00",1,"$7,500,000.00",1,0,0,0
1,896,ZCX 00 79 42,California Union Insurance Company,01-Apr-85,01-Apr-86,"$2,500,000.00","$2,040,000.00",1,"$7,500,000.00",3,0,0,0
1,897,522 0552987,International Insurance Company,01-Apr-85,01-Apr-86,"$2,500,000.00","$60,000.00",1,"$7,500,000.00",2,0,0,0
1,900,614/NTC357,London Market,01-Apr-85,01-Apr-86,"$10,000,000.00","$5,200,500.00",1,"$15,000,000.00",1,0,0,0
1,905,ZCX 00 79 43,California Union Insurance Company,01-Apr-85,01-Apr-86,"$10,000,000.00","$3,000,000.00",1,"$15,000,000.00",3,0,0,0
1,906,ZCX 00 79 40,California Union Insurance Company,01-Apr-85,01-Apr-86,"$10,000,000.00","$1,500,000.00",1,"$15,000,000.00",3,0,0,0
1,907,HI 211874,Harbor Insurance Company,01-Apr-85,01-Apr-86,"$10,000,000.00","$1,999,950.00",1,"$15,000,000.00",3,0,0,0
1,908,6685-5851,Granite State Insurance Company,01-Apr-85,01-Apr-86,"$10,000,000.00","$1,999,950.00",1,"$15,000,000.00",3,0,0,0
1,909,522-055299-6,International Insurance Company,01-Apr-85,01-Apr-86,"$10,000,000.00","$1,300,050.00",1,"$15,000,000.00",2,0,0,0
1,912,NTC 358,London Market,01-Apr-85,01-Apr-86,"$25,000,000.00","$16,500,000.00",1,"$25,000,000.00",1,0,0,0
1,930,NTC 358,Lexington Insurance Company,01-Apr-85,01-Apr-86,"$25,000,000.00","$2,000,000.00",1,"$25,000,000.00",3,0,0,0
1,934,ZCX 00 79 41,California Union Insurance Company,01-Apr-85,01-Apr-86,"$25,000,000.00","$3,000,000.00",1,"$25,000,000.00",3,0,0,0
1,935,522-055300-5,International Insurance Company,01-Apr-85,01-Apr-86,"$25,000,000.00","$1,000,000.00",1,"$25,000,000.00",2,0,0,0
1,936,FE 4002240,Landmark Insurance Company,01-Apr-85,01-Apr-86,"$25,000,000.00","$2,500,000.00",1,"$25,000,000.00",3,0,0,0
1,939,NTC 360,London Market,26-Aug-85,01-Apr-86,"$50,000,000.00","$3,750,100.00",1,"$10,000,000.00",1,0,0,0
1,948,522-0553014,International Insurance Company,26-Aug-85,01-Apr-86,"$50,000,000.00","$500,000.00",1,"$10,000,000.00",2,0,0,0
1,949,ZCX 00 85 86,California Union Insurance Company,26-Aug-85,01-Apr-86,"$50,000,000.00","$750,000.00",1,"$10,000,000.00",3,0,0,0
1,950,56016288,Stonewall Insurance Company,26-Aug-85,01-Apr-86,"$50,000,000.00","$5,000,000.00",1,"$10,000,000.00",3,0,0,0
